full_hash,short_hash,author_date,commit_date,subject,is_merge,files_changed,insertions,deletions
1320469842a0ea4866e461199ef11aa407ce2eef,1320469,2026-09-03 14:30:42 +0900,2026-09-03 14:30:42 +0900,feat: 한알국쉬 수능 버전 초기 배포,False,21,84007,0
168899e9d8d966cd83da225293eaec49f2a8c519,168899e,2026-09-03 14:40:43 +0900,2026-09-03 14:40:43 +0900,Add files via upload,False,1,2116,0
5542a1153777362eb3e3405a6c3931de95a347e2,5542a11,2026-09-03 14:42:12 +0900,2026-09-03 14:42:12 +0900,Add files via upload,False,3,14930,0
f59cdef91f91b22be9653e84a2a38c0b14ca3fec,f59cdef,2026-09-03 14:52:06 +0900,2026-09-03 14:52:06 +0900,Create about.html,False,1,210,0
d9c976d924a5f4442647cbf7b83e52d37a0c94dc,d9c976d,2026-09-03 14:53:37 +0900,2026-09-03 14:53:37 +0900,Create guide.html,False,1,225,0
ac41ff97c4b7016a64751d9309e4e521634e4a19,ac41ff9,2026-09-03 14:58:59 +0900,2026-09-03 14:58:59 +0900,Delete about.html,False,1,0,210
9c1c3647ffd0d971433399e86b0c42de63ed3d8d,9c1c364,2026-09-03 14:59:27 +0900,2026-09-03 14:59:27 +0900,Create about.html,False,1,210,0
40856e0dd8a539ed7c17e874199a8619a26339de,40856e0,2026-09-03 15:09:04 +0900,2026-09-03 15:09:04 +0900,merge: remote origin/main into main (keep local suneung version),True,2,435,0
3db4cd585253198e8f12c18dc6ac7de6d09115bd,3db4cd5,2026-09-03 15:16:08 +0900,2026-09-03 15:16:08 +0900,feat: GA4 태그 추가 및 gitignore 설정,False,4,207,130
14a4f0d970e34d0196b3affefd4c5db9af201e2b,14a4f0d,2026-09-03 15:21:46 +0900,2026-09-03 15:21:46 +0900,Add files via upload,False,3,510,443
58426a695c11cbb9a8482bdadb37e5249211deab,58426a6,2026-09-03 15:25:20 +0900,2026-09-03 15:25:20 +0900,Create ROBOTS.TXT,False,1,4,0
7392e3282eaf107706df756554f3c1b17d4c403c,7392e32,2026-09-03 15:25:47 +0900,2026-09-03 15:25:47 +0900,Create SITEMAP.XML,False,1,18,0
4707c5fd324462fb80c19792192022045a598630,4707c5f,2026-09-03 15:27:56 +0900,2026-09-03 15:27:56 +0900,Rename ROBOTS.TXT to robots.txt,False,1,0,0
a5c5a9c0b4ced504e7fb384ec7783d0f44d50389,a5c5a9c,2026-09-03 15:28:15 +0900,2026-09-03 15:28:15 +0900,Rename SITEMAP.XML to sitemap.xml,False,1,0,0
30f5db38d713224a8de50a13d8b1a0079e4bb6d3,30f5db3,2026-09-03 15:32:24 +0900,2026-09-03 15:32:24 +0900,Update index.html,False,1,2,1
fe8553527136d393328bbd2b21a8ee67f5b0ddc2,fe85535,2026-09-06 13:33:35 +0900,2026-09-06 13:33:35 +0900,add 2027 sep mock vocabulary,False,8,22953,22811
ad25e5f1ae7dcc00435400d3d971248b2df78bd5,ad25e5f,2026-09-06 13:37:46 +0900,2026-09-06 13:37:46 +0900,"merge: remote origin/main into main (add robots.txt, sitemap.xml, naver verification)",True,3,24,1
1b162102fe9dea3c4ad891f51c2f5c4ccc42d28a,1b16210,2026-09-06 15:06:41 +0900,2026-09-06 15:06:41 +0900,Refine 2027 September mock data source metadata,False,2,6719,5748
19e1626e6093a2eed33a70483c8cca14129b9537,19e1626,2026-09-06 17:06:15 +0900,2026-09-06 17:06:15 +0900,Revalidate 2022 CSAT vocabulary data,False,1,1365,166
cf1b8197c6334344c5b132344400ea4ed6cc82f5,cf1b819,2026-09-06 19:57:11 +0900,2026-09-06 19:57:11 +0900,Revalidate 2022 June mock vocabulary data,False,3,1785,232
ad9cf4cc8785b4fae5c96b52702d411de4ab4405,ad9cf4c,2026-09-07 07:18:16 +0900,2026-09-07 07:18:16 +0900,Revalidate 2022 September mock vocabulary data,False,2,2017,128
bdcab453c69fbd4b122ea200e3555fa6aa213941,bdcab45,2026-09-07 08:01:06 +0900,2026-09-07 08:01:06 +0900,Revalidate 2027 June mock vocabulary data,False,2,3090,53
ed43db641ce982838a63955d908240ba55d95ea9,ed43db6,2026-09-07 08:46:36 +0900,2026-09-07 08:46:36 +0900,Revalidate 2026 existing vocabulary contexts,False,2,598,828
b5cd9be996c1e3ebb5ab608d10e1ca885a6e0f50,b5cd9be,2026-09-07 17:27:01 +0900,2026-09-07 17:27:01 +0900,Add verified 2026 vocabulary entries,False,2,4365,0
abd1c92d1404d9fd60d713931b529b3ac394c0fd,abd1c92,2026-09-07 19:48:26 +0900,2026-09-07 19:48:26 +0900,Add verified 2025 vocabulary entries,False,2,4639,1
0ceb6d557766134a6247f18d3494f5be2ee3d382,0ceb6d5,2026-09-08 08:16:34 +0900,2026-09-08 08:16:34 +0900,Add verified 2024 vocabulary entries,False,2,4082,0
59c02bc407a26dc88bea4237b0c1e666b37ddf3b,59c02bc,2026-09-08 09:07:36 +0900,2026-09-08 09:07:36 +0900,Add verified 2023 June vocabulary entries,False,2,1422,0
0bc68580d441a90d23d129338b1545de12847f92,0bc6858,2026-09-08 09:30:31 +0900,2026-09-08 09:30:31 +0900,Add verified 2023 September vocabulary entries,False,2,1354,0
7204b1d4a95111d2e0665999aa5f3f55378862a2,7204b1d,2026-09-08 09:59:50 +0900,2026-09-08 09:59:50 +0900,Add verified 2023 CSAT vocabulary entries,False,2,1508,0
2d1c83af803af26527042ebe6c224758c73e437c,2d1c83a,2026-09-08 10:36:35 +0900,2026-09-08 10:36:35 +0900,Fix high-priority database integrity issues,False,2,96,61
f586aaff3de534c51239fc123ab1270f3154e93b,f586aaf,2026-09-08 10:43:48 +0900,2026-09-08 10:43:48 +0900,Remove unsupported legacy exam contexts,False,2,25,84
f87244bb6c77792ccb92ad175567cb7d63cb46eb,f87244b,2026-09-08 10:56:33 +0900,2026-09-08 10:56:33 +0900,Finalize verified exam corpus,False,2,47,181
9cbcafafb7d203a0a8a1f249f7e846d4e4a56c6d,9cbcafa,2026-09-08 11:25:09 +0900,2026-09-08 11:25:09 +0900,Clean legacy database metadata,False,2,257,1076
1dffcd4bb10303221459bb971971831fa96a667a,1dffcd4,2026-09-08 13:47:58 +0900,2026-09-08 13:47:58 +0900,Restore exam metadata and remove unsupported contexts,False,2,400,694
4e890507b45c311da7ed3384053dab75b9fa4ac4,4e89050,2026-09-08 13:55:50 +0900,2026-09-08 13:55:50 +0900,Normalize vocabulary categories,False,2,190,134
6309ec42d9e65454c5417593ad00d4ebd3ed6522,6309ec4,2026-09-08 14:16:36 +0900,2026-09-08 14:16:36 +0900,Verify dictionary sources,False,2,243,101
646be4cd7d04ca0861792b5387ce294c2111ab0b,646be4c,2026-09-08 14:22:23 +0900,2026-09-08 14:22:23 +0900,Resolve editorial review items,False,2,63,16
9a91e3e1a625547159b69f6b5db9f58fe040cb79,9a91e3e,2026-09-08 14:33:57 +0900,2026-09-08 14:33:57 +0900,Assign vocabulary difficulty levels,False,2,1456,701
5300d1c5bc9032a3cb8285e08d9c122fd8752737,5300d1c,2026-09-08 14:42:53 +0900,2026-09-08 14:42:53 +0900,Audit difficulty boundary classifications,False,1,61,0
bd0d6575f2a784e0b6211b204d1dc71d6f816d9a,bd0d657,2026-09-08 14:57:27 +0900,2026-09-08 14:57:27 +0900,Add difficulty filters and clean legacy type metadata,False,3,216,362
62c205ea13ce0cc9f944575ce3ed586189609576,62c205e,2026-09-08 15:04:17 +0900,2026-09-08 15:04:17 +0900,Finalize difficulty UI and regression checks,False,2,92,8
a18f436642b5186ecf1aee48c040685c8e70370d,a18f436,2026-09-08 15:34:19 +0900,2026-09-08 15:34:19 +0900,Improve search engine discoverability,False,6,158,21
